Year,Revenue,Direct Expenses,Gross Profit,EBITDA,Depreciation,EBIT,Interest,PBT,Tax,PAT
FY 2026,825.0,639.64,185.36,110.72,26.54,84.18,5.7,78.47,23.54,54.93
FY 2027,975.56,765.02,210.53999999999996,113.87,25.56,88.31,6.57,81.74,24.52,57.22
FY 2028,1144.07,908.99,235.07999999999993,136.51,21.73,114.78,5.38,109.4,32.82,76.58
FY 2029,1332.36,1074.03,258.3299999999999,157.86,18.47,139.39,4.2,135.19,40.56,94.63
FY 2030,1542.47,1262.95,279.52,177.13,15.7,161.43,3.01,158.42,47.53,110.89
FY 2031,2131.91,1763.91,367.9999999999998,274.06,13.34,260.72,1.83,258.89,77.67,181.22
FY 2032,2419.13,2038.32,380.8100000000002,275.37,11.34,264.03,0.63,263.4,79.02,184.38
